,year,crop_name,county,harvested_acres,production,yield,key_crop_name
16,2014,ALMONDS ALL,Butte,39200.0,35700.0,0.91,Almonds
17,2014,ALMONDS ALL,Colusa,51800.0,41400.0,0.8,Almonds
18,2014,ALMONDS ALL,Fresno,171000.0,184000.0,1.08,Almonds
19,2014,ALMONDS ALL,Glenn,40200.0,30900.0,0.77,Almonds
20,2014,ALMONDS ALL,Kern,199000.0,201000.0,1.01,Almonds
21,2014,ALMONDS ALL,Kings,19400.0,21600.0,1.11,Almonds
22,2014,ALMONDS ALL,Madera,106000.0,99600.0,0.94,Almonds
23,2014,ALMONDS ALL,Merced,99900.0,98600.0,0.99,Almonds
24,2014,ALMONDS ALL,San Joaquin,59200.0,68100.0,1.15,Almonds
25,2014,ALMONDS ALL,Solano,3430.0,2410.0,0.7,Almonds
26,2014,ALMONDS ALL,Stanislaus,164000.0,173000.0,1.05,Almonds
27,2014,ALMONDS ALL,Sutter,7440.0,5430.0,0.73,Almonds
28,2014,ALMONDS ALL,Tehama,10700.0,8380.0,0.78,Almonds
29,2014,ALMONDS ALL,Tulare,46400.0,48700.0,1.05,Almonds
30,2014,ALMONDS ALL,Yolo,19900.0,19900.0,1.0,Almonds
31,2014,ALMONDS ALL,Yuba,847.0,678.0,0.8,Almonds
32,2014,ALMONDS ALL,Sum of Others,808.0,486.0,0.6,Almonds
34,2014,ANISE (FENNEL),Monterey,699.0,12000.0,17.17,No Match
35,2014,ANISE (FENNEL),Sum of Others,202.0,2322.0,11.5,No Match
128,2014,APPLES ALL,El Dorado,852.0,5650.0,6.63,Apples
129,2014,APPLES ALL,Fresno,270.0,4540.0,16.81,Apples
130,2014,APPLES ALL,Mendocino,215.0,738.0,3.43,Apples
131,2014,APPLES ALL,Placer,49.0,139.0,2.84,Apples
132,2014,APPLES ALL,Riverside,11.0,36.0,3.27,Apples
133,2014,APPLES ALL,San Benito,264.0,6600.0,25.0,Apples
134,2014,APPLES ALL,San Bernardino,341.0,970.0,2.84,Apples
135,2014,APPLES ALL,San Diego,254.0,508.0,2.0,Apples
136,2014,APPLES ALL,San Joaquin,2720.0,67000.0,24.63,Apples
137,2014,APPLES ALL,Santa Cruz,2050.0,37400.0,18.24,Apples
138,2014,APPLES ALL,Sonoma,2320.0,10100.0,4.35,Apples
139,2014,APPLES ALL,Stanislaus,631.0,13700.0,21.71,Apples
140,2014,APPLES ALL,Sum of Others,1991.0,25211.0,12.66,Apples
142,2014,APRICOTS ALL,Contra Costa,66.0,320.0,4.85,Apricots
143,2014,APRICOTS ALL,Fresno,1130.0,7760.0,6.87,Apricots
144,2014,APRICOTS ALL,Kings,766.0,4350.0,5.68,Apricots
145,2014,APRICOTS ALL,Merced,314.0,1510.0,4.81,Apricots
146,2014,APRICOTS ALL,Riverside,17.0,38.0,2.24,Apricots
147,2014,APRICOTS ALL,San Benito,552.0,2850.0,5.16,Apricots
148,2014,APRICOTS ALL,San Joaquin,827.0,9900.0,11.97,Apricots
149,2014,APRICOTS ALL,Santa Clara,203.0,711.0,3.5,Apricots
150,2014,APRICOTS ALL,Stanislaus,4700.0,53600.0,11.4,Apricots
151,2014,APRICOTS ALL,Tulare,587.0,3600.0,6.13,Apricots
152,2014,APRICOTS ALL,Sum of Others,188.0,1754.0,9.33,Apricots
154,2014,ARTICHOKES,Monterey,5000.0,27100.0,5.42,No Match
155,2014,ARTICHOKES,Riverside,642.0,5170.0,8.05,No Match
156,2014,ARTICHOKES,San Mateo,64.0,252.0,3.94,No Match
157,2014,ARTICHOKES,Sum of Others,50.0,524.0,10.48,No Match
159,2014,ASPARAGUS UNSPECIFIED,Fresno,2110.0,5610.0,2.66,Asparagus
160,2014,ASPARAGUS UNSPECIFIED,Monterey,2130.0,8860.0,4.16,Asparagus
161,2014,ASPARAGUS UNSPECIFIED,San Joaquin,4650.0,8510.0,1.83,Asparagus
162,2014,ASPARAGUS UNSPECIFIED,Sum of Others,308.0,407.0,1.32,Asparagus
164,2014,AVOCADOS ALL,Monterey,229.0,575.0,2.51,Avocados
165,2014,AVOCADOS ALL,Riverside,5670.0,18700.0,3.3,Avocados
166,2014,AVOCADOS ALL,San Bernardino,200.0,822.0,4.11,Avocados
167,2014,AVOCADOS ALL,San Diego,18400.0,59100.0,3.21,Avocados
168,2014,AVOCADOS ALL,San Luis Obispo,4630.0,11500.0,2.48,Avocados
169,2014,AVOCADOS ALL,Santa Barbara,7300.0,26400.0,3.62,Avocados
170,2014,AVOCADOS ALL,Ventura,19700.0,48400.0,2.46,Avocados
171,2014,AVOCADOS ALL,Sum of Others,1346.0,3782.0,2.81,Avocados
173,2014,BARLEY FEED,Monterey,3850.0,1930.0,0.5,Barley
174,2014,BARLEY FEED,Tulare,1450.0,2440.0,1.68,Barley
176,2014,BARLEY UNSPECIFIED,Fresno,1090.0,2170.0,1.99,Barley
177,2014,BARLEY UNSPECIFIED,Glenn,679.0,1700.0,2.5,Barley
178,2014,BARLEY UNSPECIFIED,Kern,1470.0,2570.0,1.75,Barley
179,2014,BARLEY UNSPECIFIED,Merced,1220.0,3200.0,2.62,Barley
180,2014,BARLEY UNSPECIFIED,Riverside,410.0,677.0,1.65,Barley
181,2014,BARLEY UNSPECIFIED,San Luis Obispo,5190.0,987.0,0.19,Barley
182,2014,BARLEY UNSPECIFIED,Siskiyou,6780.0,14500.0,2.14,Barley
183,2014,BARLEY UNSPECIFIED,Sum of Others,2099.0,6211.0,2.96,Barley
185,2014,BEANS BLACKEYE (PEAS),Stanislaus,307.0,230.0,0.75,Dry Beans
186,2014,BEANS BLACKEYE (PEAS),Sum of Others,194.0,175.0,0.9,Dry Beans
188,2014,BEANS DRY EDIBLE UNSPECIFIED,Butte,1940.0,1550.0,0.8,Dry Beans
189,2014,BEANS DRY EDIBLE UNSPECIFIED,Colusa,4590.0,5920.0,1.29,Dry Beans
190,2014,BEANS DRY EDIBLE UNSPECIFIED,Fresno,4390.0,4170.0,0.95,Dry Beans
191,2014,BEANS DRY EDIBLE UNSPECIFIED,Glenn,2320.0,2440.0,1.05,Dry Beans
192,2014,BEANS DRY EDIBLE UNSPECIFIED,Kern,1030.0,1880.0,1.83,Dry Beans
193,2014,BEANS DRY EDIBLE UNSPECIFIED,Monterey,490.0,490.0,1.0,Dry Beans
194,2014,BEANS DRY EDIBLE UNSPECIFIED,San Joaquin,10800.0,14000.0,1.3,Dry Beans
195,2014,BEANS DRY EDIBLE UNSPECIFIED,San Mateo,54.0,41.0,0.76,Dry Beans
197,2014,BEANS DRY EDIBLE UNSPECIFIED,Solano,2000.0,2550.0,1.28,Dry Beans
198,2014,BEANS DRY EDIBLE UNSPECIFIED,Stanislaus,688.0,688.0,1.0,Dry Beans
199,2014,BEANS DRY EDIBLE UNSPECIFIED,Tulare,8680.0,14500.0,1.67,Dry Beans
201,2014,BEANS DRY EDIBLE UNSPECIFIED,Sum of Others,7534.0,5397.0,0.72,Dry Beans
203,2014,BEANS FAVA,San Mateo,265.0,872.0,3.29,Dry Beans
205,2014,BEANS FRESH UNSPECIFIED,Contra Costa,477.0,2290.0,4.8,Dry Beans
206,2014,BEANS FRESH UNSPECIFIED,Riverside,1190.0,7470.0,6.28,Dry Beans
207,2014,BEANS FRESH UNSPECIFIED,Stanislaus,1760.0,2460.0,1.4,Dry Beans
208,2014,BEANS FRESH UNSPECIFIED,Sum of Others,1004.0,5988.0,5.96,Dry Beans
210,2014,BEANS GARBANZO,Sum of Others,456.0,386.0,0.85,Dry Beans
212,2014,BEANS LIMA BABY DRY,Stanislaus,4460.0,6690.0,1.5,Dry Beans
213,2014,BEANS LIMA BABY DRY,Sum of Others,582.0,553.0,0.95,Dry Beans
215,2014,BEANS LIMA LARGE DRY,Merced,720.0,858.0,1.19,Dry Beans
216,2014,BEANS LIMA LARGE DRY,Stanislaus,4760.0,6000.0,1.26,Dry Beans
218,2014,BEANS LIMA UNSPECIFIED,San Joaquin,1000.0,1450.0,1.45,Dry Beans
219,2014,BEANS LIMA UNSPECIFIED,Ventura,3570.0,6270.0,1.76,Dry Beans
220,2014,BEANS LIMA UNSPECIFIED,Sum of Others,535.0,221.0,0.41,Dry Beans
222,2014,BEANS SEED,Glenn,367.0,385.0,1.05,Dry Beans
223,2014,BEANS SEED,Monterey,1800.0,1710.0,0.95,Dry Beans
224,2014,BEANS SEED,San Joaquin,510.0,650.0,1.27,Dry Beans
226,2014,BEANS SEED,Sutter,1060.0,992.0,0.94,Dry Beans
228,2014,BEANS SNAP UNSPECIFIED,San Mateo,80.0,222.0,2.78,Dry Beans
229,2014,BEANS SNAP UNSPECIFIED,Santa Clara,973.0,4180.0,4.3,Dry Beans
230,2014,BEANS SNAP UNSPECIFIED,Sum of Others,1686.0,12262.0,7.27,Dry Beans
232,2014,BEETS GARDEN,San Bernardino,4.0,13.0,3.25,No Match
233,2014,BEETS GARDEN,Ventura,164.0,2290.0,13.96,No Match
234,2014,BEETS GARDEN,Sum of Others,1089.0,13583.0,12.47,No Match
236,2014,BERRIES BLACKBERRIES,Santa Cruz,813.0,5030.0,6.19,No Match
237,2014,BERRIES BLACKBERRIES,Sum of Others,41.0,115.0,2.8,No Match
239,2014,BERRIES BLUEBERRIES,Fresno,719.0,3040.0,4.23,Blueberries
240,2014,BERRIES BLUEBERRIES,Kern,608.0,4480.0,7.37,Blueberries
241,2014,BERRIES BLUEBERRIES,San Joaquin,1310.0,6550.0,5.0,Blueberries
242,2014,BERRIES BLUEBERRIES,Tulare,1410.0,4740.0,3.36,Blueberries
243,2014,BERRIES BLUEBERRIES,Ventura,528.0,2070.0,3.92,Blueberries
244,2014,BERRIES BLUEBERRIES,Sum of Others,691.0,1557.0,2.25,Blueberries
248,2014,BERRIES BUSHBERRIES UNSPECIFIED,San Diego,320.0,2880.0,9.0,No Match
249,2014,BERRIES BUSHBERRIES UNSPECIFIED,Santa Clara,10.0,37.0,3.7,No Match
251,2014,BERRIES BUSHBERRIES UNSPECIFIED,Sum of Others,9.0,11.0,1.22,No Match
253,2014,BERRIES RASPBERRIES,Monterey,782.0,7040.0,9.0,No Match
254,2014,BERRIES RASPBERRIES,Santa Barbara,1460.0,10000.0,6.85,No Match
255,2014,BERRIES RASPBERRIES,Santa Cruz,2420.0,24100.0,9.96,No Match
256,2014,BERRIES RASPBERRIES,Ventura,4630.0,42900.0,9.27,No Match
258,2014,BERRIES STRAWBERRIES FRESH MARKET,Monterey,11100.0,384000.0,34.59,Strawberries
259,2014,BERRIES STRAWBERRIES FRESH MARKET,Sacramento,100.0,300.0,3.0,Strawberries
260,2014,BERRIES STRAWBERRIES FRESH MARKET,San Luis Obispo,2640.0,103000.0,39.02,Strawberries
261,2014,BERRIES STRAWBERRIES FRESH MARKET,Santa Barbara,5960.0,232000.0,38.93,Strawberries
262,2014,BERRIES STRAWBERRIES FRESH MARKET,Ventura,8480.0,223000.0,26.3,Strawberries
263,2014,BERRIES STRAWBERRIES FRESH MARKET,Sum of Others,63.0,172.0,2.73,Strawberries
266,2014,BERRIES STRAWBERRIES PROCESSING,San Luis Obispo,829.0,32300.0,38.96,Strawberries
267,2014,BERRIES STRAWBERRIES PROCESSING,Santa Barbara,1870.0,72900.0,38.98,Strawberries
268,2014,BERRIES STRAWBERRIES PROCESSING,Ventura,3150.0,82800.0,26.29,Strawberries
270,2014,BERRIES STRAWBERRIES UNSPECIFIED,Los Angeles,25.0,340.0,13.6,Strawberries
271,2014,BERRIES STRAWBERRIES UNSPECIFIED,Orange,658.0,11800.0,17.93,Strawberries
272,2014,BERRIES STRAWBERRIES UNSPECIFIED,Placer,24.0,72.0,3.0,Strawberries
273,2014,BERRIES STRAWBERRIES UNSPECIFIED,Riverside,657.0,14500.0,22.07,Strawberries
274,2014,BERRIES STRAWBERRIES UNSPECIFIED,San Bernardino,105.0,1800.0,17.14,Strawberries
275,2014,BERRIES STRAWBERRIES UNSPECIFIED,San Diego,575.0,19000.0,33.04,Strawberries
276,2014,BERRIES STRAWBERRIES UNSPECIFIED,Santa Clara,47.0,527.0,11.21,Strawberries
277,2014,BERRIES STRAWBERRIES UNSPECIFIED,Santa Cruz,3300.0,100000.0,30.3,Strawberries
278,2014,BERRIES STRAWBERRIES UNSPECIFIED,Sum of Others,39.0,140.0,3.59,Strawberries
288,2014,BROCCOLI FOOD SERVICE,Monterey,15600.0,114000.0,7.31,Broccoli
290,2014,BROCCOLI FRESH MARKET,Imperial,15000.0,104000.0,6.93,Broccoli
291,2014,BROCCOLI FRESH MARKET,Monterey,47900.0,350000.0,7.31,Broccoli
294,2014,BROCCOLI PROCESSING,Tulare,1180.0,6730.0,5.7,Broccoli
296,2014,BROCCOLI UNSPECIFIED,Fresno,3320.0,25100.0,7.56,Broccoli
297,2014,BROCCOLI UNSPECIFIED,Orange,4.0,9.0,2.25,Broccoli
298,2014,BROCCOLI UNSPECIFIED,Riverside,1970.0,13200.0,6.7,Broccoli
299,2014,BROCCOLI UNSPECIFIED,San Benito,841.0,5890.0,7.0,Broccoli
300,2014,BROCCOLI UNSPECIFIED,San Luis Obispo,9880.0,62700.0,6.35,Broccoli
301,2014,BROCCOLI UNSPECIFIED,Santa Barbara,27400.0,188000.0,6.86,Broccoli
302,2014,BROCCOLI UNSPECIFIED,Santa Clara,99.0,713.0,7.2,Broccoli
303,2014,BROCCOLI UNSPECIFIED,Stanislaus,2670.0,13400.0,5.02,Broccoli
304,2014,BROCCOLI UNSPECIFIED,Ventura,359.0,3040.0,8.47,Broccoli
305,2014,BROCCOLI UNSPECIFIED,Sum of Others,979.0,8476.0,8.66,Broccoli
307,2014,BRUSSELS SPROUTS,San Mateo,736.0,7490.0,10.18,No Match
308,2014,BRUSSELS SPROUTS,Santa Cruz,1120.0,11500.0,10.27,No Match
309,2014,BRUSSELS SPROUTS,Sum of Others,97.0,526.0,5.42,No Match
311,2014,CABBAGE CHINESE & SPECIALTY,Monterey,961.0,27000.0,28.1,Cabbage
312,2014,CABBAGE CHINESE & SPECIALTY,San Bernardino,1720.0,61700.0,35.87,Cabbage
313,2014,CABBAGE CHINESE & SPECIALTY,San Luis Obispo,1570.0,28000.0,17.83,Cabbage
314,2014,CABBAGE CHINESE & SPECIALTY,Sum of Others,2301.0,35210.0,15.3,Cabbage
316,2014,CABBAGE HEAD,Imperial,2390.0,33800.0,14.14,Cabbage
317,2014,CABBAGE HEAD,Monterey,6300.0,145000.0,23.02,Cabbage
318,2014,CABBAGE HEAD,Riverside,33.0,490.0,14.85,Cabbage
319,2014,CABBAGE HEAD,San Benito,166.0,4070.0,24.52,Cabbage
320,2014,CABBAGE HEAD,San Luis Obispo,720.0,14700.0,20.42,Cabbage
321,2014,CABBAGE HEAD,Santa Barbara,1140.0,29300.0,25.7,Cabbage
322,2014,CABBAGE HEAD,Santa Clara,215.0,5330.0,24.79,Cabbage
323,2014,CABBAGE HEAD,Ventura,3920.0,124000.0,31.63,Cabbage
324,2014,CABBAGE HEAD,Sum of Others,738.0,12990.0,17.6,Cabbage
326,2014,CARROTS FOOD SERVICE,Monterey,1610.0,34800.0,21.61,Carrots
328,2014,CARROTS FRESH MARKET,Imperial,4490.0,84400.0,18.8,Carrots
329,2014,CARROTS FRESH MARKET,Monterey,1420.0,30700.0,21.62,Carrots
330,2014,CARROTS FRESH MARKET,Sum of Others,2630.0,85100.0,32.36,Carrots
332,2014,CARROTS PROCESSING,Imperial,10500.0,373000.0,35.52,Carrots
334,2014,CARROTS UNSPECIFIED,Riverside,4330.0,133000.0,30.72,Carrots
335,2014,CARROTS UNSPECIFIED,Ventura,665.0,22300.0,33.53,Carrots
336,2014,CARROTS UNSPECIFIED,Sum of Others,27274.0,978505.0,35.88,Carrots
452,2014,CAULIFLOWER FOOD SERVICE,Monterey,2880.0,26500.0,9.2,Cauliflower
454,2014,CAULIFLOWER FRESH MARKET,Imperial,4070.0,47000.0,11.55,Cauliflower
455,2014,CAULIFLOWER FRESH MARKET,Monterey,14700.0,135000.0,9.18,Cauliflower
456,2014,CAULIFLOWER FRESH MARKET,Sum of Others,42.0,381.0,9.07,Cauliflower
458,2014,CAULIFLOWER UNSPECIFIED,Orange,3.0,6.0,2.0,Cauliflower
459,2014,CAULIFLOWER UNSPECIFIED,Riverside,1010.0,8200.0,8.12,Cauliflower
460,2014,CAULIFLOWER UNSPECIFIED,San Luis Obispo,1730.0,22500.0,13.01,Cauliflower
461,2014,CAULIFLOWER UNSPECIFIED,Santa Barbara,8150.0,77400.0,9.5,Cauliflower
462,2014,CAULIFLOWER UNSPECIFIED,Sum of Others,339.0,2560.0,7.55,Cauliflower
464,2014,CELERY FOOD SERVICE,Monterey,1010.0,35000.0,34.65,Celery
466,2014,CELERY FRESH MARKET,Monterey,11600.0,403000.0,34.74,Celery
469,2014,CELERY UNSPECIFIED,Riverside,809.0,25600.0,31.64,Celery
470,2014,CELERY UNSPECIFIED,San Benito,661.0,24000.0,36.31,Celery
471,2014,CELERY UNSPECIFIED,Santa Barbara,4130.0,132000.0,31.96,Celery
472,2014,CELERY UNSPECIFIED,Santa Clara,398.0,7120.0,17.89,Celery
473,2014,CELERY UNSPECIFIED,Ventura,11000.0,389000.0,35.36,Celery
474,2014,CELERY UNSPECIFIED,Sum of Others,2017.0,23299.0,11.55,Celery
478,2014,CHERIMOYAS,Sum of Others,1.0,1.0,1.0,No Match
480,2014,CHERRIES SWEET,Contra Costa,494.0,489.0,0.99,Cherries
482,2014,CHERRIES SWEET,Fresno,3160.0,2780.0,0.88,Cherries
483,2014,CHERRIES SWEET,Kern,5180.0,4300.0,0.83,Cherries
484,2014,CHERRIES SWEET,Kings,1540.0,1670.0,1.08,Cherries
485,2014,CHERRIES SWEET,Madera,480.0,202.0,0.42,Cherries
486,2014,CHERRIES SWEET,Riverside,50.0,116.0,2.32,Cherries
487,2014,CHERRIES SWEET,Sacramento,1230.0,1030.0,0.84,Cherries
488,2014,CHERRIES SWEET,San Benito,576.0,605.0,1.05,Cherries
489,2014,CHERRIES SWEET,San Joaquin,20500.0,23600.0,1.15,Cherries
490,2014,CHERRIES SWEET,Santa Clara,748.0,524.0,0.7,Cherries
491,2014,CHERRIES SWEET,Stanislaus,3500.0,3640.0,1.04,Cherries
492,2014,CHERRIES SWEET,Tulare,2260.0,1150.0,0.51,Cherries
493,2014,CHERRIES SWEET,Sum of Others,113.0,219.0,1.94,Cherries
507,2014,CHIVES,Sum of Others,19.0,238.0,12.53,Cherries
526,2014,CILANTRO,Monterey,1570.0,8280.0,5.27,No Match
527,2014,CILANTRO,Ventura,3300.0,24400.0,7.39,No Match
528,2014,CILANTRO,Sum of Others,1153.0,8226.0,7.13,No Match
534,2014,CITRUS UNSPECIFIED,Butte,224.0,1370.0,6.12,Citrus
535,2014,CITRUS UNSPECIFIED,Fresno,1330.0,16800.0,12.63,Citrus
536,2014,CITRUS UNSPECIFIED,Glenn,310.0,124.0,0.4,Citrus
537,2014,CITRUS UNSPECIFIED,Riverside,333.0,3000.0,9.01,Citrus
539,2014,CITRUS UNSPECIFIED,Sum of Others,21.0,532.0,25.33,Citrus
541,2014,COLLARD GREENS,Sum of Others,96.0,2566.0,26.73,Greens
543,2014,CORN GRAIN,Colusa,1350.0,7550.0,5.59,Corn
544,2014,CORN GRAIN,Contra Costa,2660.0,11200.0,4.21,Corn
545,2014,CORN GRAIN,Glenn,17800.0,109000.0,6.12,Corn
546,2014,CORN GRAIN,Madera,600.0,4530.0,7.55,Corn
547,2014,CORN GRAIN,Merced,14200.0,85000.0,5.99,Corn
548,2014,CORN GRAIN,Sacramento,21600.0,112000.0,5.19,Corn
549,2014,CORN GRAIN,San Joaquin,53000.0,248000.0,4.68,Corn
550,2014,CORN GRAIN,Solano,10300.0,51700.0,5.02,Corn
551,2014,CORN GRAIN,Sutter,11300.0,69200.0,6.12,Corn
552,2014,CORN GRAIN,Tehama,882.0,4940.0,5.6,Corn
553,2014,CORN GRAIN,Tulare,947.0,4920.0,5.2,Corn
554,2014,CORN GRAIN,Yolo,6920.0,38000.0,5.49,Corn
555,2014,CORN GRAIN,Sum of Others,3535.0,16391.0,4.64,Corn
557,2014,CORN SILAGE,Fresno,28100.0,649000.0,23.1,Corn
558,2014,CORN SILAGE,Glenn,2120.0,57200.0,26.98,Corn
559,2014,CORN SILAGE,Kings,51100.0,1309000.0,25.62,Corn
560,2014,CORN SILAGE,Madera,18300.0,473000.0,25.85,Corn
561,2014,CORN SILAGE,Merced,100000.0,2712000.0,27.12,Corn
562,2014,CORN SILAGE,Riverside,2390.0,74400.0,31.13,Corn
563,2014,CORN SILAGE,Sacramento,6880.0,176000.0,25.58,Corn
564,2014,CORN SILAGE,San Joaquin,50200.0,1367000.0,27.23,Corn
565,2014,CORN SILAGE,Sonoma,60.0,1500.0,25.0,Corn
566,2014,CORN SILAGE,Stanislaus,90900.0,2487000.0,27.36,Corn
567,2014,CORN SILAGE,Tulare,117000.0,2948000.0,25.2,Corn
568,2014,CORN SILAGE,Sum of Others,4255.0,136400.0,32.06,Corn
570,2014,CORN SWEET ALL,Contra Costa,3260.0,34100.0,10.46,Corn
571,2014,CORN SWEET ALL,Fresno,5080.0,47500.0,9.35,Corn
572,2014,CORN SWEET ALL,Imperial,6640.0,36500.0,5.5,Corn
573,2014,CORN SWEET ALL,Los Angeles,134.0,249.0,1.86,Corn
574,2014,CORN SWEET ALL,Riverside,1260.0,11300.0,8.97,Corn
575,2014,CORN SWEET ALL,San Joaquin,2170.0,16300.0,7.51,Corn
576,2014,CORN SWEET ALL,Santa Clara,1550.0,17800.0,11.48,Corn
577,2014,CORN SWEET ALL,Tulare,68.0,340.0,5.0,Corn
578,2014,CORN SWEET ALL,Ventura,444.0,3290.0,7.41,Corn
579,2014,CORN SWEET ALL,Sum of Others,38.0,210.0,5.53,Corn
581,2014,COTTON LINT PIMA,Fresno,40400.0,32500.0,0.8,Cotton
582,2014,COTTON LINT PIMA,Kern,30300.0,24800.0,0.82,Cotton
583,2014,COTTON LINT PIMA,Kings,68400.0,52800.0,0.77,Cotton
585,2014,COTTON LINT UNSPECIFIED,Merced,36100.0,30800.0,0.85,Cotton
586,2014,COTTON LINT UNSPECIFIED,Tulare,14000.0,8980.0,0.64,Cotton
587,2014,COTTON LINT UNSPECIFIED,Sum of Others,485.0,378.0,0.78,Cotton
589,2014,COTTON LINT UPLAND,Fresno,7320.0,5330.0,0.73,Cotton
590,2014,COTTON LINT UPLAND,Glenn,1830.0,1600.0,0.87,Cotton
591,2014,COTTON LINT UPLAND,Imperial,2460.0,2860.0,1.16,Cotton
592,2014,COTTON LINT UPLAND,Kern,4180.0,3930.0,0.94,Cotton
593,2014,COTTON LINT UPLAND,Kings,6710.0,5930.0,0.88,Cotton
594,2014,COTTON LINT UPLAND,Madera,740.0,689.0,0.93,Cotton
595,2014,COTTON LINT UPLAND,Riverside,9040.0,9850.0,1.09,Cotton
597,2014,COTTON SEED PLANTING,Kern,151.0,180.0,1.19,Cotton
598,2014,COTTON SEED PLANTING,Tulare,2100.0,2180.0,1.04,Cotton
609,2014,COTTONSEED,Sum of Others,1190.0,1362.0,1.14,Cotton
611,2014,CUCUMBERS,Orange,39.0,944.0,24.21,Cucumbers
612,2014,CUCUMBERS,San Bernardino,7.0,44.0,6.29,Cucumbers
613,2014,CUCUMBERS,San Diego,233.0,2800.0,12.02,Cucumbers
614,2014,CUCUMBERS,San Joaquin,2640.0,25900.0,9.81,Cucumbers
615,2014,CUCUMBERS,Tulare,71.0,178.0,2.51,Cucumbers
616,2014,CUCUMBERS,Ventura,59.0,3760.0,63.73,Cucumbers
617,2014,CUCUMBERS,Sum of Others,107.0,563.0,5.26,Cucumbers
619,2014,DATES,Imperial,2150.0,6920.0,3.22,No Match
620,2014,DATES,Riverside,7770.0,20600.0,2.65,No Match
621,2014,DATES,Sum of Others,38.0,170.0,4.47,No Match
625,2014,EGGPLANT ALL,Fresno,670.0,14000.0,20.9,Eggplants
626,2014,EGGPLANT ALL,Riverside,260.0,4540.0,17.46,Eggplants
627,2014,EGGPLANT ALL,San Bernardino,2.0,15.0,7.5,Eggplants
628,2014,EGGPLANT ALL,Sum of Others,42.0,158.0,3.76,Eggplants
651,2014,ENDIVE ALL,Monterey,250.0,5480.0,21.92,No Match
652,2014,ENDIVE ALL,Sum of Others,238.0,2230.0,9.37,No Match
654,2014,ESCAROLE ALL,Monterey,210.0,4600.0,21.9,No Match
661,2014,FIELD CROPS SEED MISC.,Kern,470.0,390.0,0.83,No Match
664,2014,FIELD CROPS SEED MISC.,Monterey,998.0,888.0,0.89,No Match
673,2014,FIELD CROPS SEED MISC.,Sum of Others,145.0,145.0,1.0,No Match
687,2014,FIELD CROPS UNSPECIFIED,Monterey,1200.0,1850.0,1.54,No Match
689,2014,FIELD CROPS UNSPECIFIED,Riverside,527.0,740.0,1.4,No Match
692,2014,FIELD CROPS UNSPECIFIED,San Bernardino,3100.0,76400.0,24.65,No Match
700,2014,FIELD CROPS UNSPECIFIED,Siskiyou,4250.0,10600.0,2.49,No Match
707,2014,FIELD CROPS UNSPECIFIED,Sum of Others,6871.0,12415.0,1.81,No Match
709,2014,FIGS DRIED,Madera,5600.0,9690.0,1.73,No Match
710,2014,FIGS DRIED,Merced,619.0,619.0,1.0,No Match
711,2014,FIGS DRIED,Sum of Others,1612.0,3100.0,1.92,No Match
751,2014,FLOWERS DECORATIVE DRIED,Sum of Others,11.0,182.0,16.55,No Match
809,2014,FRUITS & NUTS UNSPECIFIED,Monterey,153.0,884.0,5.78,No Match
814,2014,FRUITS & NUTS UNSPECIFIED,Riverside,608.0,5410.0,8.9,No Match
817,2014,FRUITS & NUTS UNSPECIFIED,San Bernardino,125.0,8290.0,66.32,No Match
836,2014,FRUITS & NUTS UNSPECIFIED,Sum of Others,1476.0,3157.0,2.14,No Match
841,2014,GARLIC ALL,Fresno,18800.0,157000.0,8.35,Garlic
842,2014,GARLIC ALL,Kern,3610.0,29600.0,8.2,Garlic
843,2014,GARLIC ALL,Santa Clara,638.0,4020.0,6.3,Garlic
844,2014,GARLIC ALL,Sum of Others,502.0,3742.0,7.45,Garlic
860,2014,GRAPEFRUIT ALL,Imperial,1340.0,4070.0,3.04,No Match
861,2014,GRAPEFRUIT ALL,Kern,864.0,13300.0,15.39,No Match
862,2014,GRAPEFRUIT ALL,Riverside,4780.0,70300.0,14.71,No Match
863,2014,GRAPEFRUIT ALL,San Bernardino,315.0,370.0,1.17,No Match
864,2014,GRAPEFRUIT ALL,San Diego,1540.0,26600.0,17.27,No Match
865,2014,GRAPEFRUIT ALL,Tulare,2240.0,24400.0,10.89,No Match
866,2014,GRAPEFRUIT ALL,Ventura,100.0,293.0,2.93,No Match
867,2014,GRAPEFRUIT ALL,Sum of Others,2.0,15.0,7.5,No Match
869,2014,GRAPES RAISIN,Fresno,133000.0,1152000.0,8.66,Grapes
870,2014,GRAPES RAISIN,Kern,16800.0,238000.0,14.17,Grapes
871,2014,GRAPES RAISIN,Kings,2050.0,21800.0,10.63,Grapes
872,2014,GRAPES RAISIN,Madera,27800.0,358000.0,12.88,Grapes
873,2014,GRAPES RAISIN,Tulare,15200.0,140000.0,9.21,Grapes
874,2014,GRAPES RAISIN,Sum of Others,1990.0,15600.0,7.84,Grapes
876,2014,GRAPES TABLE,Fresno,12500.0,133000.0,10.64,Grapes
877,2014,GRAPES TABLE,Kern,61600.0,791000.0,12.84,Grapes
878,2014,GRAPES TABLE,Kings,848.0,13100.0,15.45,Grapes
879,2014,GRAPES TABLE,Madera,2900.0,27600.0,9.52,Grapes
880,2014,GRAPES TABLE,Riverside,7760.0,60300.0,7.77,Grapes
881,2014,GRAPES TABLE,Tulare,34100.0,441000.0,12.93,Grapes
883,2014,GRAPES UNSPECIFIED,Contra Costa,2190.0,10200.0,4.66,Grapes
884,2014,GRAPES UNSPECIFIED,Glenn,1040.0,6250.0,6.01,Grapes
885,2014,GRAPES UNSPECIFIED,Los Angeles,385.0,1440.0,3.74,Grapes
886,2014,GRAPES UNSPECIFIED,San Bernardino,160.0,144.0,0.9,Grapes
887,2014,GRAPES UNSPECIFIED,Stanislaus,12400.0,115000.0,9.27,Grapes
888,2014,GRAPES UNSPECIFIED,Tehama,121.0,774.0,6.4,Grapes
889,2014,GRAPES UNSPECIFIED,Sum of Others,1187.0,6309.0,5.32,Grapes
891,2014,GRAPES WINE,Alameda,2420.0,10600.0,4.38,Grapes
892,2014,GRAPES WINE,Amador,3900.0,12400.0,3.18,Grapes
893,2014,GRAPES WINE,Calaveras,900.0,1960.0,2.18,Grapes
894,2014,GRAPES WINE,Colusa,2170.0,18000.0,8.29,Grapes
895,2014,GRAPES WINE,El Dorado,2110.0,5340.0,2.53,Grapes
896,2014,GRAPES WINE,Fresno,58700.0,660000.0,11.24,Grapes
897,2014,GRAPES WINE,Kern,27800.0,273000.0,9.82,Grapes
898,2014,GRAPES WINE,Kings,4800.0,57400.0,11.96,Grapes
899,2014,GRAPES WINE,Lake,8070.0,38700.0,4.8,Grapes
900,2014,GRAPES WINE,Madera,40300.0,392000.0,9.73,Grapes
901,2014,GRAPES WINE,Marin,175.0,325.0,1.86,Grapes
902,2014,GRAPES WINE,Mariposa,77.0,59.0,0.77,Grapes
903,2014,GRAPES WINE,Mendocino,16900.0,62000.0,3.67,Grapes
904,2014,GRAPES WINE,Merced,12900.0,111000.0,8.6,Grapes
905,2014,GRAPES WINE,Monterey,46000.0,200000.0,4.35,Grapes
906,2014,GRAPES WINE,Napa,43600.0,176000.0,4.04,Grapes
907,2014,GRAPES WINE,Nevada,342.0,1320.0,3.86,Grapes
908,2014,GRAPES WINE,Placer,212.0,545.0,2.57,Grapes
909,2014,GRAPES WINE,Riverside,2720.0,10700.0,3.93,Grapes
910,2014,GRAPES WINE,Sacramento,30000.0,225000.0,7.5,Grapes
911,2014,GRAPES WINE,San Benito,4470.0,12800.0,2.86,Grapes
912,2014,GRAPES WINE,San Bernardino,270.0,144.0,0.53,Grapes
913,2014,GRAPES WINE,San Diego,923.0,4250.0,4.6,Grapes
914,2014,GRAPES WINE,San Joaquin,102000.0,816000.0,8.0,Grapes
915,2014,GRAPES WINE,San Luis Obispo,37400.0,143000.0,3.82,Grapes
917,2014,GRAPES WINE,Santa Barbara,21100.0,90600.0,4.29,Grapes
918,2014,GRAPES WINE,Santa Clara,1600.0,5640.0,3.53,Grapes
919,2014,GRAPES WINE,Santa Cruz,654.0,1670.0,2.55,Grapes
920,2014,GRAPES WINE,Shasta,160.0,464.0,2.9,Grapes
921,2014,GRAPES WINE,Solano,4380.0,23000.0,5.25,Grapes
922,2014,GRAPES WINE,Sonoma,58300.0,256000.0,4.39,Grapes
923,2014,GRAPES WINE,Tulare,11200.0,179000.0,15.98,Grapes
924,2014,GRAPES WINE,Yolo,12600.0,92800.0,7.37,Grapes
926,2014,GREENS TURNIP & MUSTARD,Ventura,1480.0,21600.0,14.59,Mustard
927,2014,GREENS TURNIP & MUSTARD,Sum of Others,1143.0,3974.0,3.48,Mustard
929,2014,GUAVAS,Sum of Others,2.0,1.0,0.5,No Match
931,2014,HAY ALFALFA,Alameda,524.0,2470.0,4.71,Alfalfa
932,2014,HAY ALFALFA,Amador,451.0,2960.0,6.56,Alfalfa
933,2014,HAY ALFALFA,Butte,1460.0,10200.0,6.99,Alfalfa
934,2014,HAY ALFALFA,Colusa,9520.0,56100.0,5.89,Alfalfa
935,2014,HAY ALFALFA,Contra Costa,3390.0,17400.0,5.13,Alfalfa
936,2014,HAY ALFALFA,Fresno,52200.0,338000.0,6.48,Alfalfa
937,2014,HAY ALFALFA,Glenn,10500.0,60100.0,5.72,Alfalfa
938,2014,HAY ALFALFA,Imperial,122000.0,995000.0,8.16,Alfalfa
939,2014,HAY ALFALFA,Inyo,2420.0,15700.0,6.49,Alfalfa
940,2014,HAY ALFALFA,Kern,109000.0,922000.0,8.46,Alfalfa
941,2014,HAY ALFALFA,Kings,36600.0,299000.0,8.17,Alfalfa
942,2014,HAY ALFALFA,Lassen,28700.0,100000.0,3.48,Alfalfa
943,2014,HAY ALFALFA,Los Angeles,6110.0,49900.0,8.17,Alfalfa
944,2014,HAY ALFALFA,Madera,16000.0,109000.0,6.81,Alfalfa
945,2014,HAY ALFALFA,Merced,84700.0,597000.0,7.05,Alfalfa
946,2014,HAY ALFALFA,Mono,8100.0,52700.0,6.51,Alfalfa
947,2014,HAY ALFALFA,Monterey,140.0,896.0,6.4,Alfalfa
948,2014,HAY ALFALFA,Plumas,6000.0,21000.0,3.5,Alfalfa
949,2014,HAY ALFALFA,Riverside,57700.0,466000.0,8.08,Alfalfa
950,2014,HAY ALFALFA,Sacramento,14200.0,72600.0,5.11,Alfalfa
951,2014,HAY ALFALFA,San Bernardino,7000.0,56000.0,8.0,Alfalfa
952,2014,HAY ALFALFA,San Joaquin,57700.0,421000.0,7.3,Alfalfa
953,2014,HAY ALFALFA,San Luis Obispo,2440.0,14800.0,6.07,Alfalfa
954,2014,HAY ALFALFA,Shasta,3300.0,17200.0,5.21,Alfalfa
955,2014,HAY ALFALFA,Sierra,1200.0,4080.0,3.4,Alfalfa
956,2014,HAY ALFALFA,Siskiyou,43700.0,244000.0,5.58,Alfalfa
957,2014,HAY ALFALFA,Solano,30700.0,180000.0,5.86,Alfalfa
958,2014,HAY ALFALFA,Stanislaus,29200.0,207000.0,7.09,Alfalfa
959,2014,HAY ALFALFA,Sutter,5670.0,39800.0,7.02,Alfalfa
960,2014,HAY ALFALFA,Tehama,1180.0,7810.0,6.62,Alfalfa
961,2014,HAY ALFALFA,Tulare,60000.0,612000.0,10.2,Alfalfa
962,2014,HAY ALFALFA,Yolo,37100.0,223000.0,6.01,Alfalfa
963,2014,HAY ALFALFA,Yuba,678.0,4520.0,6.67,Alfalfa
964,2014,HAY ALFALFA,Sum of Others,96.0,954.0,9.94,Alfalfa
967,2014,HAY GRAIN,Calaveras,200.0,600.0,3.0,No Match
968,2014,HAY GRAIN,Colusa,4900.0,15700.0,3.2,No Match
969,2014,HAY GRAIN,Contra Costa,3170.0,8520.0,2.69,No Match
970,2014,HAY GRAIN,Fresno,9190.0,37400.0,4.07,No Match
971,2014,HAY GRAIN,Kern,9210.0,47800.0,5.19,No Match
972,2014,HAY GRAIN,Kings,1630.0,6270.0,3.85,No Match
973,2014,HAY GRAIN,Lassen,8350.0,21700.0,2.6,No Match
974,2014,HAY GRAIN,Los Angeles,3300.0,9900.0,3.0,No Match
975,2014,HAY GRAIN,Madera,800.0,2820.0,3.53,No Match
976,2014,HAY GRAIN,Merced,39200.0,124000.0,3.16,No Match
977,2014,HAY GRAIN,Monterey,305.0,552.0,1.81,No Match
978,2014,HAY GRAIN,Napa,650.0,910.0,1.4,No Match
979,2014,HAY GRAIN,Placer,1790.0,3540.0,1.98,No Match
980,2014,HAY GRAIN,Plumas,1000.0,2100.0,2.1,No Match
981,2014,HAY GRAIN,Riverside,1290.0,2100.0,1.63,No Match
982,2014,HAY GRAIN,Sacramento,4970.0,13900.0,2.8,No Match
983,2014,HAY GRAIN,San Benito,11000.0,1050.0,0.1,No Match
984,2014,HAY GRAIN,San Diego,3850.0,7690.0,2.0,No Match
985,2014,HAY GRAIN,San Luis Obispo,6000.0,10000.0,1.67,No Match
986,2014,HAY GRAIN,San Mateo,376.0,842.0,2.24,No Match
988,2014,HAY GRAIN,Santa Clara,4030.0,8870.0,2.2,No Match
989,2014,HAY GRAIN,Sierra,640.0,1210.0,1.89,No Match
990,2014,HAY GRAIN,Solano,11600.0,35200.0,3.03,No Match
991,2014,HAY GRAIN,Sonoma,5690.0,10600.0,1.86,No Match
992,2014,HAY GRAIN,Stanislaus,30000.0,132000.0,4.4,No Match
993,2014,HAY GRAIN,Sutter,3560.0,8300.0,2.33,No Match
994,2014,HAY GRAIN,Tehama,3490.0,3840.0,1.1,No Match
995,2014,HAY GRAIN,Yolo,17800.0,53400.0,3.0,No Match
996,2014,HAY GRAIN,Sum of Others,3400.0,12560.0,3.69,No Match
998,2014,HAY GREEN CHOP,Riverside,12300.0,121000.0,9.84,No Match
999,2014,HAY GREEN CHOP,San Bernardino,4230.0,102000.0,24.11,No Match
1000,2014,HAY GREEN CHOP,Sonoma,2070.0,6430.0,3.11,No Match
1002,2014,HAY OTHER UNSPECIFIED,Alameda,3380.0,3010.0,0.89,Other
1003,2014,HAY OTHER UNSPECIFIED,Alpine,250.0,2000.0,8.0,Other
1005,2014,HAY OTHER UNSPECIFIED,Del Norte,3430.0,9780.0,2.85,Other
1006,2014,HAY OTHER UNSPECIFIED,El Dorado,225.0,337.0,1.5,Other
1007,2014,HAY OTHER UNSPECIFIED,Fresno,10600.0,21300.0,2.01,Other
1008,2014,HAY OTHER UNSPECIFIED,Glenn,3030.0,7460.0,2.46,Other
1009,2014,HAY OTHER UNSPECIFIED,Humboldt,10600.0,24300.0,2.29,Other
1010,2014,HAY OTHER UNSPECIFIED,Imperial,64400.0,576000.0,8.94,Other
1011,2014,HAY OTHER UNSPECIFIED,Kern,7400.0,25200.0,3.41,Other
1012,2014,HAY OTHER UNSPECIFIED,Lassen,31000.0,112000.0,3.61,Other
1013,2014,HAY OTHER UNSPECIFIED,Marin,1710.0,3920.0,2.29,Other
1014,2014,HAY OTHER UNSPECIFIED,Riverside,3770.0,33300.0,8.83,Other
1015,2014,HAY OTHER UNSPECIFIED,Sacramento,1530.0,3830.0,2.5,Other
1016,2014,HAY OTHER UNSPECIFIED,San Bernardino,500.0,2000.0,4.0,Other
1017,2014,HAY OTHER UNSPECIFIED,San Joaquin,7700.0,28500.0,3.7,Other
1018,2014,HAY OTHER UNSPECIFIED,Shasta,20000.0,68100.0,3.41,Other
1019,2014,HAY OTHER UNSPECIFIED,Siskiyou,10100.0,55400.0,5.49,Other
1020,2014,HAY OTHER UNSPECIFIED,Stanislaus,12400.0,52100.0,4.2,Other
1021,2014,HAY OTHER UNSPECIFIED,Tehama,2160.0,5050.0,2.34,Other
1022,2014,HAY OTHER UNSPECIFIED,Tulare,14400.0,39900.0,2.77,Other
1023,2014,HAY OTHER UNSPECIFIED,Tuolumne,360.0,936.0,2.6,Other
1025,2014,HAY OTHER UNSPECIFIED,Yuba,2800.0,8400.0,3.0,Other
1026,2014,HAY OTHER UNSPECIFIED,Sum of Others,539.0,1126.0,2.09,Other
1028,2014,HAY SUDAN,Imperial,59700.0,341000.0,5.71,No Match
1029,2014,HAY SUDAN,Kings,274.0,1470.0,5.36,No Match
1030,2014,HAY SUDAN,Merced,11500.0,45800.0,3.98,No Match
1031,2014,HAY SUDAN,Riverside,1980.0,10800.0,5.45,No Match
1032,2014,HAY SUDAN,Sacramento,1930.0,4250.0,2.2,No Match
1033,2014,HAY SUDAN,San Bernardino,120.0,480.0,4.0,No Match
1034,2014,HAY SUDAN,Solano,7500.0,26000.0,3.47,No Match
1035,2014,HAY SUDAN,Stanislaus,4630.0,58700.0,12.68,No Match
1036,2014,HAY SUDAN,Tulare,168.0,675.0,4.02,No Match
1037,2014,HAY SUDAN,Sum of Others,2372.0,15001.0,6.32,No Match
1039,2014,HAY WILD,Plumas,3000.0,6000.0,2.0,No Match
1040,2014,HAY WILD,San Mateo,124.0,288.0,2.32,No Match
1041,2014,HAY WILD,Sierra,1600.0,3200.0,2.0,No Match
1042,2014,HAY WILD,Solano,3470.0,7400.0,2.13,No Match
1043,2014,HAY WILD,Sonoma,288.0,481.0,1.67,No Match
1044,2014,HAY WILD,Sum of Others,70.0,126.0,1.8,No Match
1060,2014,HORSERADISH,Siskiyou,170.0,425.0,2.5,No Match
1062,2014,KALE,Monterey,2550.0,31300.0,12.27,No Match
1063,2014,KALE,Ventura,1900.0,21000.0,11.05,No Match
1064,2014,KALE,Sum of Others,1912.0,16626.0,8.7,No Match
1066,2014,KIWIFRUIT,Butte,601.0,4810.0,8.0,No Match
1067,2014,KIWIFRUIT,Fresno,484.0,2650.0,5.48,No Match
1068,2014,KIWIFRUIT,Sutter,84.0,612.0,7.29,No Match
1069,2014,KIWIFRUIT,Tulare,2380.0,63500.0,26.68,No Match
1070,2014,KIWIFRUIT,Yuba,352.0,2820.0,8.01,No Match
1071,2014,KIWIFRUIT,Sum of Others,126.0,765.0,6.07,No Match
1073,2014,KOHLRABI,Sum of Others,46.0,932.0,20.26,No Match
1075,2014,KUMQUATS,San Diego,84.0,336.0,4.0,No Match
1078,2014,LEEKS,Monterey,329.0,4270.0,12.98,No Match
1079,2014,LEEKS,San Mateo,134.0,1790.0,13.36,No Match
1080,2014,LEEKS,Sum of Others,195.0,2977.0,15.27,No Match
1082,2014,LEMONS ALL,Fresno,2560.0,28900.0,11.29,Almonds
1083,2014,LEMONS ALL,Imperial,3860.0,41300.0,10.7,Almonds
1084,2014,LEMONS ALL,Kern,3290.0,34500.0,10.49,Almonds
1085,2014,LEMONS ALL,Monterey,1280.0,38500.0,30.08,Almonds
1086,2014,LEMONS ALL,Riverside,6250.0,94700.0,15.15,Almonds
1087,2014,LEMONS ALL,San Bernardino,112.0,282.0,2.52,Almonds
1088,2014,LEMONS ALL,San Diego,3570.0,69400.0,19.44,Almonds
1089,2014,LEMONS ALL,San Luis Obispo,1420.0,19400.0,13.66,Almonds
1090,2014,LEMONS ALL,Santa Barbara,1350.0,20000.0,14.81,Almonds
1091,2014,LEMONS ALL,Tulare,7210.0,86500.0,12.0,Almonds
1092,2014,LEMONS ALL,Ventura,14900.0,279000.0,18.72,Almonds
1093,2014,LEMONS ALL,Sum of Others,419.0,20848.0,49.76,Almonds
1097,2014,LETTUCE BULK SALAD PRODUCTS,San Benito,4500.0,16000.0,3.56,Lettuce
1098,2014,LETTUCE BULK SALAD PRODUCTS,Sum of Others,52.0,561.0,10.79,Lettuce
1100,2014,LETTUCE HEAD,Fresno,6620.0,123000.0,18.58,Lettuce
1101,2014,LETTUCE HEAD,Imperial,21200.0,281000.0,13.25,Lettuce
1102,2014,LETTUCE HEAD,Kern,320.0,5330.0,16.66,Lettuce
1103,2014,LETTUCE HEAD,Monterey,44200.0,1105000.0,25.0,Lettuce
1104,2014,LETTUCE HEAD,Riverside,968.0,13000.0,13.43,Lettuce
1105,2014,LETTUCE HEAD,San Benito,663.0,12000.0,18.1,Lettuce
1106,2014,LETTUCE HEAD,San Luis Obispo,3590.0,56800.0,15.82,Lettuce
1107,2014,LETTUCE HEAD,Santa Barbara,10200.0,187000.0,18.33,Lettuce
1108,2014,LETTUCE HEAD,Santa Cruz,1470.0,27300.0,18.57,Lettuce
1109,2014,LETTUCE HEAD,Ventura,160.0,1860.0,11.63,Lettuce
1111,2014,LETTUCE LEAF,Fresno,4730.0,39900.0,8.44,Lettuce
1112,2014,LETTUCE LEAF,Imperial,8310.0,90700.0,10.91,Lettuce
1113,2014,LETTUCE LEAF,Monterey,19200.0,362000.0,18.85,Lettuce
1114,2014,LETTUCE LEAF,Riverside,1210.0,13300.0,10.99,Lettuce
1115,2014,LETTUCE LEAF,San Benito,404.0,4200.0,10.4,Lettuce
1116,2014,LETTUCE LEAF,San Luis Obispo,881.0,10800.0,12.26,Lettuce
1117,2014,LETTUCE LEAF,Santa Barbara,4040.0,36300.0,8.99,Lettuce
1118,2014,LETTUCE LEAF,Santa Cruz,1800.0,25900.0,14.39,Lettuce
1119,2014,LETTUCE LEAF,Ventura,911.0,14200.0,15.59,Lettuce
1120,2014,LETTUCE LEAF,Sum of Others,881.0,8427.0,9.57,Lettuce
1122,2014,LETTUCE ROMAINE,Imperial,6280.0,61300.0,9.76,Lettuce
1123,2014,LETTUCE ROMAINE,Monterey,45300.0,890000.0,19.65,Lettuce
1124,2014,LETTUCE ROMAINE,Riverside,1800.0,25200.0,14.0,Lettuce
1125,2014,LETTUCE ROMAINE,San Benito,3380.0,43500.0,12.87,Lettuce
1126,2014,LETTUCE ROMAINE,Ventura,1390.0,21800.0,15.68,Lettuce
1127,2014,LETTUCE ROMAINE,Sum of Others,272.0,3340.0,12.28,Lettuce
1129,2014,LETTUCE UNSPECIFIED,Orange,6.0,20.0,3.33,Lettuce
1130,2014,LETTUCE UNSPECIFIED,Santa Clara,1620.0,33800.0,20.86,Lettuce
1131,2014,LETTUCE UNSPECIFIED,Sum of Others,121.0,871.0,7.2,Lettuce
1133,2014,LIMES ALL,San Diego,280.0,1880.0,6.71,No Match
1134,2014,LIMES ALL,Sum of Others,102.0,78.0,0.76,No Match
1212,2014,MELONS CANTALOUPE,Fresno,11600.0,248000.0,21.38,Cantaloupes
1213,2014,MELONS CANTALOUPE,Imperial,5330.0,49000.0,9.19,Cantaloupes
1214,2014,MELONS CANTALOUPE,Merced,5350.0,95700.0,17.89,Cantaloupes
1215,2014,MELONS CANTALOUPE,Riverside,1090.0,12700.0,11.65,Cantaloupes
1216,2014,MELONS CANTALOUPE,Stanislaus,2130.0,41600.0,19.53,Cantaloupes
1217,2014,MELONS CANTALOUPE,Sum of Others,480.0,8832.0,18.4,Cantaloupes
1219,2014,MELONS HONEYDEW,Fresno,4240.0,75800.0,17.88,Honeydew Melons
1220,2014,MELONS HONEYDEW,Imperial,1340.0,11000.0,8.21,Honeydew Melons
1221,2014,MELONS HONEYDEW,Riverside,766.0,9000.0,11.75,Honeydew Melons
1222,2014,MELONS HONEYDEW,Stanislaus,484.0,8700.0,17.98,Honeydew Melons
1223,2014,MELONS HONEYDEW,Sutter,516.0,5640.0,10.93,Honeydew Melons
1224,2014,MELONS HONEYDEW,Sum of Others,102.0,1818.0,17.82,Honeydew Melons
1226,2014,MELONS UNSPECIFIED,Fresno,2410.0,31100.0,12.9,No Match
1227,2014,MELONS UNSPECIFIED,Merced,2490.0,49600.0,19.92,No Match
1228,2014,MELONS UNSPECIFIED,Orange,2.0,5.0,2.5,No Match
1229,2014,MELONS UNSPECIFIED,Riverside,788.0,13300.0,16.88,No Match
1230,2014,MELONS UNSPECIFIED,San Joaquin,200.0,3000.0,15.0,No Match
1231,2014,MELONS UNSPECIFIED,Stanislaus,419.0,19300.0,46.06,No Match
1232,2014,MELONS UNSPECIFIED,Sum of Others,258.0,2199.0,8.52,No Match
1234,2014,MELONS WATERMELON,Fresno,2610.0,53800.0,20.61,Watermelons
1235,2014,MELONS WATERMELON,Imperial,1950.0,56800.0,29.13,Watermelons
1236,2014,MELONS WATERMELON,Kern,2380.0,67900.0,28.53,Watermelons
1237,2014,MELONS WATERMELON,Riverside,1470.0,40300.0,27.41,Watermelons
1238,2014,MELONS WATERMELON,San Bernardino,36.0,343.0,9.53,Watermelons
1239,2014,MELONS WATERMELON,San Joaquin,2250.0,94500.0,42.0,Watermelons
1240,2014,MELONS WATERMELON,Sum of Others,97.0,3351.0,34.55,Watermelons
1280,2014,MINT,Shasta,260.0,11.0,0.04,Mint
1281,2014,MINT,Siskiyou,1050.0,45.0,0.04,Mint
1285,2014,MUSHROOMS,Monterey,155.0,23500.0,151.61,No Match
1287,2014,MUSHROOMS,Santa Clara,140.0,20100.0,143.57,No Match
1288,2014,MUSHROOMS,Sum of Others,3.0,198.0,66.0,No Match
1290,2014,NECTARINES,Contra Costa,23.0,87.0,3.78,Nectarines
1291,2014,NECTARINES,Fresno,10800.0,107000.0,9.91,Nectarines
1292,2014,NECTARINES,Kern,295.0,2880.0,9.76,Nectarines
1293,2014,NECTARINES,Kings,1740.0,15800.0,9.08,Nectarines
1294,2014,NECTARINES,Tulare,9240.0,80800.0,8.74,Nectarines
1295,2014,NECTARINES,Sum of Others,525.0,3233.0,6.16,Nectarines
1321,2014,NURSERY PLANTS STRAWBERRY,Siskiyou,3800.0,1328000.0,349.47,No Match
1425,2014,OATS GRAIN,Glenn,3150.0,9120.0,2.9,Oats
1426,2014,OATS GRAIN,Riverside,2050.0,1190.0,0.58,Oats
1427,2014,OATS GRAIN,Sacramento,1400.0,2230.0,1.59,Oats
1428,2014,OATS GRAIN,San Mateo,117.0,59.0,0.5,Oats
1429,2014,OATS GRAIN,Siskiyou,137.0,308.0,2.25,Oats
1430,2014,OATS GRAIN,Sonoma,548.0,438.0,0.8,Oats
1431,2014,OATS GRAIN,Sum of Others,619.0,1095.0,1.77,Oats
1433,2014,OKRA,Riverside,1120.0,4640.0,4.14,No Match
1434,2014,OKRA,Sum of Others,411.0,2604.0,6.34,No Match
1436,2014,OLIVES,Butte,2570.0,8110.0,3.16,Olives
1437,2014,OLIVES,Calaveras,130.0,104.0,0.8,Olives
1438,2014,OLIVES,Contra Costa,183.0,324.0,1.77,Olives
1440,2014,OLIVES,Glenn,8880.0,27000.0,3.04,Olives
1441,2014,OLIVES,Lake,65.0,65.0,1.0,Olives
1442,2014,OLIVES,Madera,590.0,909.0,1.54,Olives
1443,2014,OLIVES,Napa,292.0,138.0,0.47,Olives
1444,2014,OLIVES,San Benito,121.0,210.0,1.74,Olives
1445,2014,OLIVES,San Joaquin,3850.0,15000.0,3.9,Olives
1446,2014,OLIVES,Solano,162.0,213.0,1.31,Olives
1448,2014,OLIVES,Sutter,1140.0,3050.0,2.68,Olives
1449,2014,OLIVES,Tehama,9830.0,41800.0,4.25,Olives
1450,2014,OLIVES,Tulare,11700.0,17800.0,1.52,Olives
1451,2014,OLIVES,Yolo,3690.0,12300.0,3.33,Olives
1452,2014,OLIVES,Sum of Others,1697.0,2532.0,1.49,Olives
1454,2014,ONIONS,Fresno,17300.0,402000.0,23.24,Onions
1455,2014,ONIONS,Imperial,10900.0,384000.0,35.23,Onions
1456,2014,ONIONS,Kern,7870.0,168000.0,21.35,Onions
1457,2014,ONIONS,Monterey,1880.0,75000.0,39.89,Onions
1458,2014,ONIONS,Orange,4.0,8.0,2.0,Onions
1459,2014,ONIONS,Riverside,124.0,4780.0,38.55,Onions
1460,2014,ONIONS,San Benito,934.0,16100.0,17.24,Onions
1461,2014,ONIONS,San Bernardino,8.0,86.0,10.75,Onions
1462,2014,ONIONS,San Joaquin,1580.0,27400.0,17.34,Onions
1463,2014,ONIONS,Santa Clara,42.0,798.0,19.0,Onions
1464,2014,ONIONS,Siskiyou,1580.0,37600.0,23.8,Onions
1465,2014,ONIONS,Ventura,328.0,5700.0,17.38,Onions
1466,2014,ONIONS,Sum of Others,2785.0,101474.0,36.44,Onions
1468,2014,ONIONS GREEN & SHALLOT,Monterey,1010.0,15400.0,15.25,Onions
1469,2014,ONIONS GREEN & SHALLOT,Sum of Others,405.0,1834.0,4.53,Onions
1471,2014,ORANGES NAVEL,Fresno,23500.0,293000.0,12.47,Oranges
1472,2014,ORANGES NAVEL,Kern,31400.0,322000.0,10.25,Oranges
1473,2014,ORANGES NAVEL,Riverside,1410.0,14000.0,9.93,Oranges
1474,2014,ORANGES NAVEL,San Bernardino,1200.0,10200.0,8.5,Oranges
1475,2014,ORANGES NAVEL,Tulare,79500.0,1087000.0,13.67,Oranges
1476,2014,ORANGES NAVEL,Ventura,457.0,5450.0,11.93,Oranges
1477,2014,ORANGES NAVEL,Sum of Others,120.0,925.0,7.71,Oranges
1479,2014,ORANGES UNSPECIFIED,Madera,2900.0,37900.0,13.07,Oranges
1480,2014,ORANGES UNSPECIFIED,San Diego,6170.0,55600.0,9.01,Oranges
1483,2014,ORANGES VALENCIA,Fresno,2620.0,38700.0,14.77,Oranges
1484,2014,ORANGES VALENCIA,Kern,5680.0,76000.0,13.38,Oranges
1485,2014,ORANGES VALENCIA,Orange,71.0,535.0,7.54,Oranges
1486,2014,ORANGES VALENCIA,Riverside,1300.0,10700.0,8.23,Oranges
1487,2014,ORANGES VALENCIA,San Bernardino,1000.0,9790.0,9.79,Oranges
1488,2014,ORANGES VALENCIA,San Luis Obispo,247.0,4170.0,16.88,Oranges
1489,2014,ORANGES VALENCIA,Tulare,16300.0,284000.0,17.42,Oranges
1490,2014,ORANGES VALENCIA,Ventura,2410.0,34300.0,14.23,Oranges
1491,2014,ORANGES VALENCIA,Sum of Others,20.0,240.0,12.0,Oranges
1496,2014,PARSLEY,Monterey,670.0,12200.0,18.21,Barley
1497,2014,PARSLEY,Ventura,549.0,11100.0,20.22,Barley
1498,2014,PARSLEY,Sum of Others,2680.0,29850.0,11.14,Barley
1500,2014,PARSNIPS,Sum of Others,13.0,628.0,48.31,No Match
1611,2014,PEACHES CLINGSTONE,Butte,1610.0,33600.0,20.87,Peaches
1612,2014,PEACHES CLINGSTONE,Fresno,1360.0,22000.0,16.18,Peaches
1613,2014,PEACHES CLINGSTONE,Kings,808.0,14300.0,17.7,Peaches
1614,2014,PEACHES CLINGSTONE,Madera,220.0,3120.0,14.18,Peaches
1615,2014,PEACHES CLINGSTONE,Merced,2140.0,35000.0,16.36,Peaches
1616,2014,PEACHES CLINGSTONE,San Joaquin,1070.0,18500.0,17.29,Peaches
1617,2014,PEACHES CLINGSTONE,Stanislaus,6030.0,125000.0,20.73,Peaches
1618,2014,PEACHES CLINGSTONE,Sutter,8430.0,184000.0,21.83,Peaches
1619,2014,PEACHES CLINGSTONE,Tulare,1200.0,15200.0,12.67,Peaches
1620,2014,PEACHES CLINGSTONE,Yuba,3140.0,55900.0,17.8,Peaches
1621,2014,PEACHES CLINGSTONE,Sum of Others,459.0,4700.0,10.24,Peaches
1623,2014,PEACHES FREESTONE,Fresno,13400.0,131000.0,9.78,Peaches
1624,2014,PEACHES FREESTONE,Kings,1950.0,19800.0,10.15,Peaches
1625,2014,PEACHES FREESTONE,Madera,470.0,8450.0,17.98,Peaches
1626,2014,PEACHES FREESTONE,Merced,1670.0,33300.0,19.94,Peaches
1627,2014,PEACHES FREESTONE,San Joaquin,619.0,13700.0,22.13,Peaches
1628,2014,PEACHES FREESTONE,Stanislaus,670.0,10600.0,15.82,Peaches
1629,2014,PEACHES FREESTONE,Tulare,11300.0,116000.0,10.27,Peaches
1630,2014,PEACHES FREESTONE,Sum of Others,621.0,8870.0,14.28,Peaches
1632,2014,PEACHES UNSPECIFIED,Contra Costa,101.0,414.0,4.1,Peaches
1633,2014,PEACHES UNSPECIFIED,El Dorado,108.0,324.0,3.0,Peaches
1634,2014,PEACHES UNSPECIFIED,Placer,96.0,262.0,2.73,Peaches
1635,2014,PEACHES UNSPECIFIED,Riverside,118.0,900.0,7.63,Peaches
1636,2014,PEACHES UNSPECIFIED,Sum of Others,837.0,9650.0,11.53,Peaches
1638,2014,PEANUTS ALL,Sum of Others,129.0,249.0,1.93,Peanuts
1640,2014,PEARS ASIAN,El Dorado,40.0,118.0,2.95,Pears
1641,2014,PEARS ASIAN,Fresno,1160.0,2720.0,2.34,Pears
1642,2014,PEARS ASIAN,Sum of Others,33.0,143.0,4.33,Pears
1644,2014,PEARS BARTLETT,El Dorado,65.0,202.0,3.11,Pears
1645,2014,PEARS BARTLETT,Lake,1960.0,30700.0,15.66,Pears
1646,2014,PEARS BARTLETT,Mendocino,1160.0,19600.0,16.9,Pears
1647,2014,PEARS BARTLETT,Sacramento,5180.0,104000.0,20.08,Pears
1649,2014,PEARS UNSPECIFIED,Lake,110.0,1280.0,11.64,Pears
1650,2014,PEARS UNSPECIFIED,Mendocino,152.0,1320.0,8.68,Pears
1651,2014,PEARS UNSPECIFIED,Placer,16.0,17.0,1.06,Pears
1652,2014,PEARS UNSPECIFIED,San Joaquin,185.0,3700.0,20.0,Pears
1653,2014,PEARS UNSPECIFIED,Tulare,148.0,1520.0,10.27,Pears
1654,2014,PEARS UNSPECIFIED,Sum of Others,108.0,1142.0,10.57,Pears
1656,2014,PEAS EDIBLE POD (SNOW),San Luis Obispo,333.0,514.0,1.54,Peas
1657,2014,PEAS EDIBLE POD (SNOW),Sum of Others,100.0,99.0,0.99,Peas
1660,2014,PEAS GREEN UNSPECIFIED,San Mateo,168.0,276.0,1.64,Peas
1661,2014,PEAS GREEN UNSPECIFIED,Sum of Others,154.0,564.0,3.66,Peas
1663,2014,PECANS,Tulare,1060.0,424.0,0.4,Pecans
1664,2014,PECANS,Sum of Others,1682.0,1433.0,0.85,Pecans
1666,2014,PEPPERS BELL,Fresno,830.0,15800.0,19.04,Peppers
1667,2014,PEPPERS BELL,Kern,2200.0,47700.0,21.68,Peppers
1668,2014,PEPPERS BELL,Monterey,1140.0,23300.0,20.44,Peppers
1669,2014,PEPPERS BELL,Riverside,4600.0,80000.0,17.39,Peppers
1670,2014,PEPPERS BELL,San Benito,1920.0,43000.0,22.4,Peppers
1671,2014,PEPPERS BELL,San Diego,205.0,4040.0,19.71,Peppers
1672,2014,PEPPERS BELL,San Joaquin,683.0,12700.0,18.59,Peppers
1673,2014,PEPPERS BELL,San Luis Obispo,877.0,10600.0,12.09,Peppers
1674,2014,PEPPERS BELL,Santa Barbara,463.0,6280.0,13.56,Peppers
1675,2014,PEPPERS BELL,Santa Clara,1480.0,44800.0,30.27,Peppers
1676,2014,PEPPERS BELL,Ventura,4350.0,173000.0,39.77,Peppers
1677,2014,PEPPERS BELL,Sum of Others,242.0,10230.0,42.27,Peppers
1679,2014,PEPPERS CHILI HOT,Santa Clara,443.0,11700.0,26.41,Peppers
1680,2014,PEPPERS CHILI HOT,Sum of Others,1899.0,37204.0,19.59,Peppers
1682,2014,PERSIMMONS,Fresno,396.0,1850.0,4.67,No Match
1683,2014,PERSIMMONS,San Diego,299.0,449.0,1.5,No Match
1684,2014,PERSIMMONS,Sutter,145.0,1230.0,8.48,No Match
1685,2014,PERSIMMONS,Tulare,810.0,5690.0,7.02,No Match
1686,2014,PERSIMMONS,Sum of Others,263.0,1095.0,4.16,No Match
1693,2014,PISTACHIOS,Butte,713.0,856.0,1.2,Pistachios
1694,2014,PISTACHIOS,Fresno,50400.0,53400.0,1.06,Pistachios
1695,2014,PISTACHIOS,Glenn,1730.0,2160.0,1.25,Pistachios
1696,2014,PISTACHIOS,Kern,103000.0,79900.0,0.78,Pistachios
1697,2014,PISTACHIOS,Kings,19200.0,23600.0,1.23,Pistachios
1698,2014,PISTACHIOS,Madera,31000.0,49000.0,1.58,Pistachios
1699,2014,PISTACHIOS,Merced,5110.0,5400.0,1.06,Pistachios
1700,2014,PISTACHIOS,San Bernardino,183.0,134.0,0.73,Pistachios
1701,2014,PISTACHIOS,Tehama,226.0,145.0,0.64,Pistachios
1702,2014,PISTACHIOS,Tulare,45400.0,58100.0,1.28,Pistachios
1703,2014,PISTACHIOS,Sum of Others,1088.0,677.0,0.62,Pistachios
1705,2014,PLUMCOTS,Fresno,1060.0,5350.0,5.05,Plums
1706,2014,PLUMCOTS,Sum of Others,177.0,919.0,5.19,Plums
1708,2014,PLUMS,Contra Costa,27.0,113.0,4.19,Plums
1709,2014,PLUMS,El Dorado,52.0,186.0,3.58,Plums
1710,2014,PLUMS,Fresno,10800.0,105000.0,9.72,Plums
1711,2014,PLUMS,Kern,57.0,530.0,9.3,Plums
1712,2014,PLUMS,Kings,2030.0,18100.0,8.92,Plums
1713,2014,PLUMS,Tulare,9260.0,72100.0,7.79,Plums
1714,2014,PLUMS,Sum of Others,373.0,1479.0,3.97,Plums
1716,2014,PLUMS DRIED,Butte,7060.0,16400.0,2.32,Plums
1717,2014,PLUMS DRIED,Colusa,946.0,1800.0,1.9,Plums
1718,2014,PLUMS DRIED,Fresno,1730.0,3020.0,1.75,Plums
1719,2014,PLUMS DRIED,Glenn,5760.0,15000.0,2.6,Plums
1720,2014,PLUMS DRIED,Madera,890.0,1380.0,1.55,Plums
1721,2014,PLUMS DRIED,Merced,1410.0,3990.0,2.83,Plums
1722,2014,PLUMS DRIED,Placer,48.0,34.0,0.71,Plums
1723,2014,PLUMS DRIED,Solano,877.0,2450.0,2.79,Plums
1724,2014,PLUMS DRIED,Sutter,18400.0,43900.0,2.39,Plums
1725,2014,PLUMS DRIED,Tehama,6340.0,7040.0,1.11,Plums
1726,2014,PLUMS DRIED,Tulare,3440.0,3990.0,1.16,Plums
1727,2014,PLUMS DRIED,Yolo,1820.0,4280.0,2.35,Plums
1728,2014,PLUMS DRIED,Yuba,7580.0,21200.0,2.8,Plums
1729,2014,PLUMS DRIED,Sum of Others,40.0,66.0,1.65,Plums
1731,2014,POMEGRANATES,Fresno,4700.0,36100.0,7.68,Pomegranates
1732,2014,POMEGRANATES,Riverside,26.0,182.0,7.0,Pomegranates
1733,2014,POMEGRANATES,Tulare,5650.0,6160.0,1.09,Pomegranates
1734,2014,POMEGRANATES,Sum of Others,14760.0,71920.0,4.87,Pomegranates
1736,2014,POTATOES ALL,Imperial,2340.0,53200.0,22.74,Potatoes
1737,2014,POTATOES ALL,Kern,13500.0,373000.0,27.63,Potatoes
1738,2014,POTATOES ALL,Riverside,4070.0,92800.0,22.8,Potatoes
1739,2014,POTATOES ALL,San Diego,294.0,4630.0,15.75,Potatoes
1740,2014,POTATOES ALL,San Joaquin,3740.0,72600.0,19.41,Potatoes
1741,2014,POTATOES ALL,Siskiyou,4420.0,99200.0,22.44,Potatoes
1742,2014,POTATOES ALL,Sum of Others,1200.0,24001.0,20.0,Potatoes
1744,2014,POTATOES SWEET,Merced,17600.0,264000.0,15.0,Potatoes
1745,2014,POTATOES SWEET,Stanislaus,1270.0,20400.0,16.06,Potatoes
1746,2014,POTATOES SWEET,Sum of Others,704.0,21000.0,29.83,Potatoes
1758,2014,PUMPKINS,San Bernardino,240.0,429.0,1.79,Pumpkins
1759,2014,PUMPKINS,San Joaquin,3140.0,55300.0,17.61,Pumpkins
1760,2014,PUMPKINS,San Mateo,175.0,875.0,5.0,Pumpkins
1761,2014,PUMPKINS,Santa Clara,205.0,4260.0,20.78,Pumpkins
1762,2014,PUMPKINS,Stanislaus,288.0,5080.0,17.64,Pumpkins
1763,2014,PUMPKINS,Ventura,155.0,2330.0,15.03,Pumpkins
1764,2014,PUMPKINS,Sum of Others,137.0,1663.0,12.14,Pumpkins
1766,2014,QUINCE,Tulare,86.0,572.0,6.65,No Match
1767,2014,QUINCE,Sum of Others,26.0,266.0,10.23,No Match
1771,2014,RADICCHIO,Sum of Others,80.0,526.0,6.58,No Match
1773,2014,RADISHES,Monterey,166.0,2490.0,15.0,Radishes
1774,2014,RADISHES,Riverside,353.0,6960.0,19.72,Radishes
1775,2014,RADISHES,Ventura,999.0,16300.0,16.32,Radishes
1776,2014,RADISHES,Sum of Others,203.0,3612.0,17.79,Radishes
1778,2014,RAPPINI,Sum of Others,1360.0,3740.0,2.75,No Match
1782,2014,RICE MILLING,Butte,77800.0,342000.0,4.4,Rice
1783,2014,RICE MILLING,Colusa,111000.0,503000.0,4.53,Rice
1784,2014,RICE MILLING,Glenn,73300.0,337000.0,4.6,Rice
1785,2014,RICE MILLING,Placer,13600.0,57000.0,4.19,Rice
1786,2014,RICE MILLING,Sacramento,8590.0,38700.0,4.51,Rice
1787,2014,RICE MILLING,San Joaquin,3400.0,16100.0,4.74,Rice
1788,2014,RICE MILLING,Stanislaus,903.0,4280.0,4.74,Rice
1789,2014,RICE MILLING,Sutter,75900.0,341000.0,4.49,Rice
1790,2014,RICE MILLING,Yolo,39300.0,166000.0,4.22,Rice
1791,2014,RICE MILLING,Yuba,39000.0,166000.0,4.26,Rice
1792,2014,RICE MILLING,Sum of Others,4188.0,12310.0,2.94,Rice
1794,2014,RICE SEED,Butte,4400.0,20000.0,4.55,Rice
1795,2014,RICE SEED,Colusa,6160.0,27500.0,4.46,Rice
1796,2014,RICE SEED,Glenn,1760.0,7740.0,4.4,Rice
1797,2014,RICE SEED,Sutter,3180.0,14000.0,4.4,Rice
1799,2014,RICE WILD,Lassen,1710.0,1150.0,0.67,Rice
1800,2014,RICE WILD,Shasta,5600.0,4230.0,0.76,Rice
1801,2014,RICE WILD,Sutter,1150.0,1240.0,1.08,Rice
1803,2014,RUTABAGAS,Sum of Others,36.0,372.0,10.33,No Match
1805,2014,RYE GRAIN,Sacramento,4860.0,8740.0,1.8,Rye
1806,2014,RYE GRAIN,Siskiyou,3660.0,2750.0,0.75,Rye
1807,2014,RYE GRAIN,Sum of Others,600.0,2380.0,3.97,Rye
1809,2014,RYE SEED,Siskiyou,175.0,263.0,1.5,Rye
1811,2014,SAFFLOWER,Butte,92.0,101.0,1.1,Safflower
1812,2014,SAFFLOWER,Colusa,1060.0,1250.0,1.18,Safflower
1813,2014,SAFFLOWER,Sacramento,1590.0,2230.0,1.4,Safflower
1814,2014,SAFFLOWER,San Joaquin,3170.0,4980.0,1.57,Safflower
1815,2014,SAFFLOWER,Solano,2640.0,2560.0,0.97,Safflower
1816,2014,SAFFLOWER,Sutter,2120.0,2500.0,1.18,Safflower
1817,2014,SAFFLOWER,Yolo,7170.0,7170.0,1.0,Safflower
1818,2014,SAFFLOWER,Sum of Others,5963.0,9508.0,1.59,Safflower
1820,2014,SAFFLOWER SEED PLANTING,Sutter,455.0,410.0,0.9,Safflower
1822,2014,SALAD GREENS MISC.,Imperial,3230.0,10500.0,3.25,Greens
1823,2014,SALAD GREENS MISC.,Monterey,8060.0,78800.0,9.78,Greens
1824,2014,SALAD GREENS MISC.,Santa Clara,620.0,3600.0,5.81,Greens
1825,2014,SALAD GREENS MISC.,Sum of Others,1127.0,5982.0,5.31,Greens
1827,2014,SEED ALFALFA,Fresno,7930.0,3040.0,0.38,Alfalfa
1828,2014,SEED ALFALFA,Imperial,32300.0,8510.0,0.26,Alfalfa
1829,2014,SEED ALFALFA,Lassen,203.0,40.0,0.2,Alfalfa
1830,2014,SEED ALFALFA,Sum of Others,840.0,331.0,0.39,Alfalfa
1832,2014,SEED BERMUDA GRASS,Imperial,19000.0,4160.0,0.22,No Match
1834,2014,SEED CLOVER UNSPECIFIED,Sacramento,1270.0,343.0,0.27,No Match
1840,2014,SEED SUDAN GRASS,Sacramento,923.0,1080.0,1.17,No Match
1854,2014,SEED VETCH,Sum of Others,2520.0,428.0,0.17,Vetch
1902,2014,SILAGE,Fresno,8960.0,163000.0,18.19,No Match
1903,2014,SILAGE,Kern,85000.0,1632000.0,19.2,No Match
1904,2014,SILAGE,Kings,56700.0,910000.0,16.05,No Match
1905,2014,SILAGE,Madera,18200.0,291000.0,15.99,No Match
1906,2014,SILAGE,Marin,1440.0,14200.0,9.86,No Match
1907,2014,SILAGE,Merced,85500.0,1355000.0,15.85,No Match
1908,2014,SILAGE,Sacramento,3670.0,46700.0,12.72,No Match
1909,2014,SILAGE,San Joaquin,112000.0,1537000.0,13.72,No Match
1910,2014,SILAGE,Sonoma,4480.0,45900.0,10.25,No Match
1911,2014,SILAGE,Stanislaus,53400.0,985000.0,18.45,No Match
1912,2014,SILAGE,Tehama,792.0,22200.0,28.03,No Match
1913,2014,SILAGE,Tulare,75100.0,1724000.0,22.96,No Match
1914,2014,SILAGE,Sum of Others,6252.0,79918.0,12.78,No Match
1916,2014,SORGHUM GRAIN,Sum of Others,10760.0,69900.0,6.5,Sorghum
1918,2014,SORGHUM SILAGE,Kings,13100.0,212000.0,16.18,Sorghum
1919,2014,SORGHUM SILAGE,Riverside,1150.0,17200.0,14.96,Sorghum
1920,2014,SORGHUM SILAGE,San Bernardino,2100.0,75000.0,35.71,Sorghum
1921,2014,SORGHUM SILAGE,Sum of Others,4652.0,76583.0,16.46,Sorghum
1923,2014,SPICES AND HERBS,Monterey,89.0,669.0,7.52,Herbs
1924,2014,SPICES AND HERBS,Riverside,1160.0,8440.0,7.28,Herbs
1925,2014,SPICES AND HERBS,San Bernardino,53.0,219.0,4.13,Herbs
1926,2014,SPICES AND HERBS,San Diego,401.0,4410.0,11.0,Herbs
1927,2014,SPICES AND HERBS,Sum of Others,206.0,1511.0,7.33,Herbs
1929,2014,SPINACH FOOD SERVICE,Monterey,12500.0,127000.0,10.16,No Match
1931,2014,SPINACH FRESH MARKET,Monterey,1510.0,15400.0,10.2,No Match
1932,2014,SPINACH FRESH MARKET,Sum of Others,98.0,304.0,3.1,No Match
1934,2014,SPINACH PROCESSING,Sum of Others,110.0,669.0,6.08,No Match
1936,2014,SPINACH UNSPECIFIED,Imperial,6630.0,34800.0,5.25,No Match
1937,2014,SPINACH UNSPECIFIED,Riverside,1430.0,10500.0,7.34,No Match
1938,2014,SPINACH UNSPECIFIED,San Benito,3430.0,14200.0,4.14,No Match
1939,2014,SPINACH UNSPECIFIED,Santa Barbara,1450.0,12100.0,8.34,No Match
1940,2014,SPINACH UNSPECIFIED,Santa Clara,922.0,8670.0,9.4,No Match
1941,2014,SPINACH UNSPECIFIED,Ventura,1260.0,10400.0,8.25,No Match
1942,2014,SPINACH UNSPECIFIED,Sum of Others,121.0,970.0,8.02,No Match
1946,2014,SQUASH,Contra Costa,61.0,361.0,5.92,Squash
1947,2014,SQUASH,Fresno,750.0,12800.0,17.07,Squash
1948,2014,SQUASH,Monterey,247.0,2700.0,10.93,Squash
1949,2014,SQUASH,Riverside,404.0,4240.0,10.5,Squash
1950,2014,SQUASH,San Bernardino,43.0,920.0,21.4,Squash
1951,2014,SQUASH,San Diego,408.0,3670.0,9.0,Squash
1952,2014,SQUASH,San Luis Obispo,131.0,3460.0,26.41,Squash
1953,2014,SQUASH,Santa Barbara,633.0,5390.0,8.52,Squash
1954,2014,SQUASH,Santa Clara,160.0,1250.0,7.81,Squash
1955,2014,SQUASH,Stanislaus,131.0,2360.0,18.02,Squash
1956,2014,SQUASH,Sum of Others,378.0,3120.0,8.25,Squash
1963,2014,STRAW,Sum of Others,10790.0,33100.0,3.07,No Match
1965,2014,SUGAR BEETS,Imperial,24400.0,1058000.0,43.36,No Match
1967,2014,SUNFLOWER SEED PLANTING,Colusa,6310.0,3850.0,0.61,Sunflower
1968,2014,SUNFLOWER SEED PLANTING,Glenn,3220.0,1610.0,0.5,Sunflower
1969,2014,SUNFLOWER SEED PLANTING,Sacramento,1590.0,2230.0,1.4,Sunflower
1970,2014,SUNFLOWER SEED PLANTING,Solano,9890.0,5980.0,0.6,Sunflower
1971,2014,SUNFLOWER SEED PLANTING,Sutter,10200.0,7390.0,0.72,Sunflower
1975,2014,SWISS CHARD,Monterey,627.0,5860.0,9.35,No Match
1976,2014,SWISS CHARD,Sum of Others,980.0,10419.0,10.63,No Match
1978,2014,TANGELOS,Imperial,759.0,3100.0,4.08,No Match
1979,2014,TANGELOS,Riverside,482.0,3280.0,6.8,No Match
1980,2014,TANGELOS,Sum of Others,639.0,6050.0,9.47,No Match
1982,2014,TANGERINES & MANDARINS,Fresno,14500.0,121000.0,8.34,No Match
1983,2014,TANGERINES & MANDARINS,Imperial,816.0,2660.0,3.26,No Match
1984,2014,TANGERINES & MANDARINS,Kern,23000.0,241000.0,10.48,No Match
1985,2014,TANGERINES & MANDARINS,Placer,202.0,867.0,4.29,No Match
1986,2014,TANGERINES & MANDARINS,Riverside,1640.0,14200.0,8.66,No Match
1987,2014,TANGERINES & MANDARINS,San Diego,964.0,13700.0,14.21,No Match
1988,2014,TANGERINES & MANDARINS,Tulare,21700.0,154000.0,7.1,No Match
1989,2014,TANGERINES & MANDARINS,Ventura,1980.0,8420.0,4.25,No Match
1990,2014,TANGERINES & MANDARINS,Sum of Others,2701.0,35996.0,13.33,No Match
1992,2014,TOMATOES FRESH MARKET,Fresno,8740.0,241000.0,27.57,Tomatoes
1993,2014,TOMATOES FRESH MARKET,Kern,840.0,16100.0,19.17,Tomatoes
1994,2014,TOMATOES FRESH MARKET,Madera,600.0,9750.0,16.25,Tomatoes
1995,2014,TOMATOES FRESH MARKET,Merced,8580.0,151000.0,17.6,Tomatoes
1996,2014,TOMATOES FRESH MARKET,Riverside,262.0,4980.0,19.01,Tomatoes
1997,2014,TOMATOES FRESH MARKET,San Benito,578.0,8420.0,14.57,Tomatoes
1998,2014,TOMATOES FRESH MARKET,San Diego,1720.0,25800.0,15.0,Tomatoes
1999,2014,TOMATOES FRESH MARKET,San Joaquin,2110.0,34000.0,16.11,Tomatoes
2000,2014,TOMATOES FRESH MARKET,Santa Clara,904.0,18500.0,20.46,Tomatoes
2001,2014,TOMATOES FRESH MARKET,Stanislaus,762.0,11800.0,15.49,Tomatoes
2004,2014,TOMATOES PROCESSING,Colusa,15700.0,896000.0,57.07,Tomatoes
2005,2014,TOMATOES PROCESSING,Fresno,89600.0,4754000.0,53.06,Tomatoes
2006,2014,TOMATOES PROCESSING,Kern,14000.0,740000.0,52.86,Tomatoes
2007,2014,TOMATOES PROCESSING,Kings,34000.0,1800000.0,52.94,Tomatoes
2008,2014,TOMATOES PROCESSING,Madera,5600.0,328000.0,58.57,Tomatoes
2009,2014,TOMATOES PROCESSING,Merced,23000.0,1242000.0,54.0,Tomatoes
2010,2014,TOMATOES PROCESSING,Sacramento,3800.0,162000.0,42.63,Tomatoes
2011,2014,TOMATOES PROCESSING,San Benito,1140.0,59200.0,51.93,Tomatoes
2012,2014,TOMATOES PROCESSING,San Joaquin,35700.0,1599000.0,44.79,Tomatoes
2013,2014,TOMATOES PROCESSING,Santa Clara,844.0,52100.0,61.73,Tomatoes
2014,2014,TOMATOES PROCESSING,Solano,11900.0,552000.0,46.39,Tomatoes
2015,2014,TOMATOES PROCESSING,Stanislaus,13100.0,610000.0,46.56,Tomatoes
2016,2014,TOMATOES PROCESSING,Sutter,10000.0,451000.0,45.1,Tomatoes
2017,2014,TOMATOES PROCESSING,Yolo,39800.0,1815000.0,45.6,Tomatoes
2018,2014,TOMATOES PROCESSING,Sum of Others,371.0,18600.0,50.13,Tomatoes
2020,2014,TOMATOES UNSPECIFIED,Contra Costa,3110.0,150000.0,48.23,Tomatoes
2021,2014,TOMATOES UNSPECIFIED,Los Angeles,42.0,333.0,7.93,Tomatoes
2022,2014,TOMATOES UNSPECIFIED,Monterey,574.0,10300.0,17.94,Tomatoes
2023,2014,TOMATOES UNSPECIFIED,San Bernardino,3.0,33.0,11.0,Tomatoes
2024,2014,TOMATOES UNSPECIFIED,Ventura,466.0,41700.0,89.48,Tomatoes
2027,2014,TRITICALE,Solano,10600.0,28800.0,2.72,Triticale
2028,2014,TRITICALE,Sum of Others,2070.0,6660.0,3.22,Triticale
2038,2014,TURNIPS ALL,Sum of Others,272.0,5027.0,18.48,Turnips
2040,2014,VEGETABLES ORIENTAL ALL,Riverside,3010.0,33200.0,11.03,No Match
2041,2014,VEGETABLES ORIENTAL ALL,San Bernardino,457.0,16100.0,35.23,No Match
2042,2014,VEGETABLES ORIENTAL ALL,Santa Clara,529.0,9150.0,17.3,No Match
2043,2014,VEGETABLES ORIENTAL ALL,Ventura,810.0,10700.0,13.21,No Match
2044,2014,VEGETABLES ORIENTAL ALL,Sum of Others,747.0,7812.0,10.46,No Match
2091,2014,WALNUTS ENGLISH,Amador,239.0,86.0,0.36,Walnuts
2092,2014,WALNUTS ENGLISH,Butte,44200.0,70300.0,1.59,Walnuts
2093,2014,WALNUTS ENGLISH,Calaveras,788.0,679.0,0.86,Walnuts
2094,2014,WALNUTS ENGLISH,Colusa,16000.0,28200.0,1.76,Walnuts
2095,2014,WALNUTS ENGLISH,Contra Costa,458.0,957.0,2.09,Walnuts
2096,2014,WALNUTS ENGLISH,El Dorado,111.0,49.0,0.44,Walnuts
2097,2014,WALNUTS ENGLISH,Fresno,8570.0,13300.0,1.55,Walnuts
2098,2014,WALNUTS ENGLISH,Glenn,26200.0,51300.0,1.96,Walnuts
2099,2014,WALNUTS ENGLISH,Kern,794.0,1170.0,1.47,Walnuts
2100,2014,WALNUTS ENGLISH,Kings,14400.0,27100.0,1.88,Walnuts
2101,2014,WALNUTS ENGLISH,Lake,3700.0,1500.0,0.41,Walnuts
2102,2014,WALNUTS ENGLISH,Madera,1900.0,2780.0,1.46,Walnuts
2103,2014,WALNUTS ENGLISH,Merced,5910.0,9200.0,1.56,Walnuts
2104,2014,WALNUTS ENGLISH,Placer,919.0,1740.0,1.89,Walnuts
2105,2014,WALNUTS ENGLISH,Sacramento,746.0,1790.0,2.4,Walnuts
2106,2014,WALNUTS ENGLISH,San Benito,1560.0,1620.0,1.04,Walnuts
2107,2014,WALNUTS ENGLISH,San Joaquin,62500.0,131000.0,2.1,Walnuts
2108,2014,WALNUTS ENGLISH,San Luis Obispo,2060.0,392.0,0.19,Walnuts
2109,2014,WALNUTS ENGLISH,Santa Clara,208.0,187.0,0.9,Walnuts
2110,2014,WALNUTS ENGLISH,Shasta,1130.0,2150.0,1.9,Walnuts
2111,2014,WALNUTS ENGLISH,Solano,9400.0,13000.0,1.38,Walnuts
2112,2014,WALNUTS ENGLISH,Stanislaus,35600.0,74400.0,2.09,Walnuts
2113,2014,WALNUTS ENGLISH,Sutter,29900.0,54000.0,1.81,Walnuts
2114,2014,WALNUTS ENGLISH,Tehama,24600.0,51600.0,2.1,Walnuts
2115,2014,WALNUTS ENGLISH,Tulare,40300.0,91500.0,2.27,Walnuts
2116,2014,WALNUTS ENGLISH,Yolo,15300.0,22000.0,1.44,Walnuts
2117,2014,WALNUTS ENGLISH,Yuba,12300.0,22200.0,1.8,Walnuts
2119,2014,WHEAT ALL,Butte,600.0,1740.0,2.9,Durum Wheat
2120,2014,WHEAT ALL,Colusa,16300.0,40000.0,2.45,Durum Wheat
2121,2014,WHEAT ALL,Contra Costa,807.0,1940.0,2.4,Durum Wheat
2122,2014,WHEAT ALL,Fresno,9950.0,34700.0,3.49,Durum Wheat
2123,2014,WHEAT ALL,Glenn,17200.0,47200.0,2.74,Durum Wheat
2124,2014,WHEAT ALL,Imperial,37800.0,132000.0,3.49,Durum Wheat
2125,2014,WHEAT ALL,Kern,27600.0,93000.0,3.37,Durum Wheat
2126,2014,WHEAT ALL,Kings,15400.0,49900.0,3.24,Durum Wheat
2127,2014,WHEAT ALL,Lassen,2780.0,3060.0,1.1,Durum Wheat
2128,2014,WHEAT ALL,Madera,2600.0,7830.0,3.01,Durum Wheat
2129,2014,WHEAT ALL,Merced,21600.0,62300.0,2.88,Durum Wheat
2130,2014,WHEAT ALL,Monterey,800.0,864.0,1.08,Durum Wheat
2131,2014,WHEAT ALL,Placer,450.0,1040.0,2.31,Durum Wheat
2132,2014,WHEAT ALL,Riverside,10600.0,25200.0,2.38,Durum Wheat
2133,2014,WHEAT ALL,Sacramento,9230.0,25800.0,2.8,Durum Wheat
2134,2014,WHEAT ALL,San Joaquin,23000.0,75400.0,3.28,Durum Wheat
2135,2014,WHEAT ALL,Siskiyou,16800.0,69200.0,4.12,Durum Wheat
2136,2014,WHEAT ALL,Solano,21700.0,59600.0,2.75,Durum Wheat
2137,2014,WHEAT ALL,Stanislaus,2900.0,9500.0,3.28,Durum Wheat
2138,2014,WHEAT ALL,Sutter,7130.0,18000.0,2.52,Durum Wheat
2139,2014,WHEAT ALL,Tehama,2610.0,5980.0,2.29,Durum Wheat
2140,2014,WHEAT ALL,Tulare,5810.0,19000.0,3.27,Durum Wheat
2141,2014,WHEAT ALL,Yolo,29200.0,68300.0,2.34,Durum Wheat
2142,2014,WHEAT ALL,Sum of Others,353.0,379.0,1.07,Durum Wheat
2144,2014,WHEAT SEED,Colusa,225.0,551.0,2.45,No Match
2145,2014,WHEAT SEED,Siskiyou,414.0,1590.0,3.84,No Match
2146,2014,WHEAT SEED,Solano,575.0,1730.0,3.01,No Match
2147,2014,WHEAT SEED,Sutter,732.0,2200.0,3.01,No Match
2148,2014,WHEAT SEED,Sum of Others,1329.0,4730.0,3.56,No Match
